chapter,score
1, 0.14
2, 0.337
3, 0.247
4, 0.224
5, 0.282
6, 0.179
7, 0.271
8, 0.249
9, 0.253
10, 0.212
11, 0.359
12, 0.309
13, 0.234
14, 0.237962963
15, 0.228
16, 0.295
17, 0.366
18, 0.397
19, 0.646666667
